{
  "homes": [
    {
      "id": 1,
      "url": "https://i.postimg.cc/Hxvt7mt8/woodendot-s-At-N5q4c-Jl-M-unsplash.jpg",
      "rent": 16,
      "bedroom": 3,
      "bathroom": 2,
      "address": {
        "street": "Holmes",
        "district": "Kentish Town",
        "postcode": "NW5 3AN",
        "city":"Liverpool"
      },
      "type": "Apartment",
      "keyFeatures": [
        "8 bedroom house in Highfield within easy access of the university and the local amenities",
        "Central heating",
        "Double glazing",
        "Parking available",
        "A few minutes walk from University of Southampton Highfield Campus"
      ],
      "home_description": "Superb eight bedroom, three bathroom, student property located in Falmer, walking distance to both Universities, the Amex and multiple transport links to the town centre! The accommodation briefly comprises of an entrance hallway leading to large bright living room which opens into a modern kitchen which includes two large fridge freezers, dish washer, gas hob, two ovens and double patio doors to the rear garden. The ground floor also has a modern shower room with toilet and the first double bedroom. The first floor consists of four good sized double bedrooms and a second spacious, modern bathroom with toilet. Up a second set of stairs is the top floor which consists of three double bedrooms and another modern shower room with toilet.",
      "deposit":"Deposit will be confirmed by the letting agent.",
      "availability":"14th August 2021"
    },
    {
      "id": 2,
      "url": "https://i.postimg.cc/Hxvt7mt8/woodendot-s-At-N5q4c-Jl-M-unsplash.jpg",
      "rent": 90,
      "bedroom": 3,
      "bathroom": 3,
      "address": {
        "street": "Holmes",
        "district": "Kentish Town",
        "postcode": "NW5 3AN",
        "city":"Liverpool"
      },
      "type": "House",
      "keyFeatures": [
        "8 bedroom house in Highfield within easy access of the university and the local amenities",
        "Central heating",
        "Double glazing",
        "Parking available",
        "A few minutes walk from University of Southampton Highfield Campus"
      ],
      "home_description": "Superb eight bedroom, three bathroom, student property located in Falmer, walking distance to both Universities, the Amex and multiple transport links to the town centre! The accommodation briefly comprises of an entrance hallway leading to large bright living room which opens into a modern kitchen which includes two large fridge freezers, dish washer, gas hob, two ovens and double patio doors to the rear garden. The ground floor also has a modern shower room with toilet and the first double bedroom. The first floor consists of four good sized double bedrooms and a second spacious, modern bathroom with toilet. Up a second set of stairs is the top floor which consists of three double bedrooms and another modern shower room with toilet.",
      "deposit":"Deposit will be confirmed by the letting agent.",
      "availability":"14th August 2021"
    },
    {
      "id": 3,
      "url": "https://i.postimg.cc/Hxvt7mt8/woodendot-s-At-N5q4c-Jl-M-unsplash.jpg",
      "rent": 170,
      "bedroom": 4,
      "bathroom": 3,
      "address": {
        "street": "Holmes",
        "district": "Kentish Town",
        "postcode": "NW5 3AN",
        "city":"Liverpool"
      },
      "type": "Apartment",
      "keyFeatures": [
        "8 bedroom house in Highfield within easy access of the university and the local amenities",
        "Central heating",
        "Double glazing",
        "Parking available",
        "A few minutes walk from University of Southampton Highfield Campus"
      ],
      "home_description": "Superb eight bedroom, three bathroom, student property located in Falmer, walking distance to both Universities, the Amex and multiple transport links to the town centre! The accommodation briefly comprises of an entrance hallway leading to large bright living room which opens into a modern kitchen which includes two large fridge freezers, dish washer, gas hob, two ovens and double patio doors to the rear garden. The ground floor also has a modern shower room with toilet and the first double bedroom. The first floor consists of four good sized double bedrooms and a second spacious, modern bathroom with toilet. Up a second set of stairs is the top floor which consists of three double bedrooms and another modern shower room with toilet.",
      "deposit":"Deposit will be confirmed by the letting agent.",
      "availability":"14th August 2021"
    },
    {
      "id": 4,
      "url": "https://i.postimg.cc/Hxvt7mt8/woodendot-s-At-N5q4c-Jl-M-unsplash.jpg",
      "rent": 20,
      "bedroom": 4,
      "bathroom": 3,
      "address": {
        "street": "Holmes",
        "district": "Kentish Town",
        "postcode": "NW5 3AN",
        "city":"Liverpool"
      },
      "type": "House",
      "keyFeatures": [
        "8 bedroom house in Highfield within easy access of the university and the local amenities",
        "Central heating",
        "Double glazing",
        "Parking available",
        "A few minutes walk from University of Southampton Highfield Campus"
      ],
      "home_description": "Superb eight bedroom, three bathroom, student property located in Falmer, walking distance to both Universities, the Amex and multiple transport links to the town centre! The accommodation briefly comprises of an entrance hallway leading to large bright living room which opens into a modern kitchen which includes two large fridge freezers, dish washer, gas hob, two ovens and double patio doors to the rear garden. The ground floor also has a modern shower room with toilet and the first double bedroom. The first floor consists of four good sized double bedrooms and a second spacious, modern bathroom with toilet. Up a second set of stairs is the top floor which consists of three double bedrooms and another modern shower room with toilet.",
      "deposit":"Deposit will be confirmed by the letting agent.",
      "availability":"14th August 2021"
    },
    {
      "id": 5,
      "url": "https://i.postimg.cc/Hxvt7mt8/woodendot-s-At-N5q4c-Jl-M-unsplash.jpg",
      "rent": 100,
      "bedroom": 4,
      "bathroom": 2,
      "address": {
        "street": "Holmes",
        "district": "Kentish Town",
        "postcode": "NW5 3AN",
        "city":"Liverpool"
      },
      "type": "House",
      "keyFeatures": [
        "8 bedroom house in Highfield within easy access of the university and the local amenities",
        "Central heating",
        "Double glazing",
        "Parking available",
        "A few minutes walk from University of Southampton Highfield Campus"
      ],
      "home_description": "Superb eight bedroom, three bathroom, student property located in Falmer, walking distance to both Universities, the Amex and multiple transport links to the town centre! The accommodation briefly comprises of an entrance hallway leading to large bright living room which opens into a modern kitchen which includes two large fridge freezers, dish washer, gas hob, two ovens and double patio doors to the rear garden. The ground floor also has a modern shower room with toilet and the first double bedroom. The first floor consists of four good sized double bedrooms and a second spacious, modern bathroom with toilet. Up a second set of stairs is the top floor which consists of three double bedrooms and another modern shower room with toilet.",
      "deposit":"Deposit will be confirmed by the letting agent.",
      "availability":"14th August 2021"
    },
    {
      "id": 6,
      "url": "https://i.postimg.cc/Hxvt7mt8/woodendot-s-At-N5q4c-Jl-M-unsplash.jpg",
      "rent": 106,
      "bedroom": 6,
      "bathroom": 2,
      "address": {
        "street": "Holmes",
        "district": "Kentish Town",
        "postcode": "NW5 3AN",
        "city":"Birmingham"
      },
      "type": "House",
      "keyFeatures": [
        "8 bedroom house in Highfield within easy access of the university and the local amenities",
        "Central heating",
        "Double glazing",
        "Parking available",
        "A few minutes walk from University of Southampton Highfield Campus"
      ],
      "home_description": "Superb eight bedroom, three bathroom, student property located in Falmer, walking distance to both Universities, the Amex and multiple transport links to the town centre! The accommodation briefly comprises of an entrance hallway leading to large bright living room which opens into a modern kitchen which includes two large fridge freezers, dish washer, gas hob, two ovens and double patio doors to the rear garden. The ground floor also has a modern shower room with toilet and the first double bedroom. The first floor consists of four good sized double bedrooms and a second spacious, modern bathroom with toilet. Up a second set of stairs is the top floor which consists of three double bedrooms and another modern shower room with toilet.",
      "deposit":"Deposit will be confirmed by the letting agent.",
      "availability":"14th August 2021"
    },
    {
      "id": 7,
      "url": "https://i.postimg.cc/Hxvt7mt8/woodendot-s-At-N5q4c-Jl-M-unsplash.jpg",
      "rent": 106,
      "bedroom": 4,
      "bathroom": 2,
      "address": {
        "street": "Holmes",
        "district": "Kentish Town",
        "postcode": "NW5 3AN",
        "city":"Birmingham"
      },
      "type": "House",
      "keyFeatures": [
        "8 bedroom house in Highfield within easy access of the university and the local amenities",
        "Central heating",
        "Double glazing",
        "Parking available",
        "A few minutes walk from University of Southampton Highfield Campus"
      ],
      "home_description": "Superb eight bedroom, three bathroom, student property located in Falmer, walking distance to both Universities, the Amex and multiple transport links to the town centre! The accommodation briefly comprises of an entrance hallway leading to large bright living room which opens into a modern kitchen which includes two large fridge freezers, dish washer, gas hob, two ovens and double patio doors to the rear garden. The ground floor also has a modern shower room with toilet and the first double bedroom. The first floor consists of four good sized double bedrooms and a second spacious, modern bathroom with toilet. Up a second set of stairs is the top floor which consists of three double bedrooms and another modern shower room with toilet.",
      "deposit":"Deposit will be confirmed by the letting agent.",
      "availability":"14th August 2021"
    },
    {
      "id": 8,
      "url": "https://i.postimg.cc/Hxvt7mt8/woodendot-s-At-N5q4c-Jl-M-unsplash.jpg",
      "rent": 106,
      "bedroom": 4,
      "bathroom": 2,
      "address": {
        "street": "Holmes",
        "district": "Kentish Town",
        "postcode": "NW5 3AN",
        "city":"Birmingham"
      },
      "type": "House",
      "keyFeatures": [
        "8 bedroom house in Highfield within easy access of the university and the local amenities",
        "Central heating",
        "Double glazing",
        "Parking available",
        "A few minutes walk from University of Southampton Highfield Campus"
      ],
      "home_description": "Superb eight bedroom, three bathroom, student property located in Falmer, walking distance to both Universities, the Amex and multiple transport links to the town centre! The accommodation briefly comprises of an entrance hallway leading to large bright living room which opens into a modern kitchen which includes two large fridge freezers, dish washer, gas hob, two ovens and double patio doors to the rear garden. The ground floor also has a modern shower room with toilet and the first double bedroom. The first floor consists of four good sized double bedrooms and a second spacious, modern bathroom with toilet. Up a second set of stairs is the top floor which consists of three double bedrooms and another modern shower room with toilet.",
      "deposit":"Deposit will be confirmed by the letting agent.",
      "availability":"14th August 2021"
    },
    {
      "id": 9,
      "url": "https://i.postimg.cc/Hxvt7mt8/woodendot-s-At-N5q4c-Jl-M-unsplash.jpg",
      "rent": 106,
      "bedroom": 4,
      "bathroom": 2,
      "address": {
        "street": "Holmes",
        "district": "Kentish Town",
        "postcode": "NW5 3AN",
        "city":"Birmingham"
      },
      "type": "House",
      "keyFeatures": [
        "8 bedroom house in Highfield within easy access of the university and the local amenities",
        "Central heating",
        "Double glazing",
        "Parking available",
        "A few minutes walk from University of Southampton Highfield Campus"
      ],
      "home_description": "Superb eight bedroom, three bathroom, student property located in Falmer, walking distance to both Universities, the Amex and multiple transport links to the town centre! The accommodation briefly comprises of an entrance hallway leading to large bright living room which opens into a modern kitchen which includes two large fridge freezers, dish washer, gas hob, two ovens and double patio doors to the rear garden. The ground floor also has a modern shower room with toilet and the first double bedroom. The first floor consists of four good sized double bedrooms and a second spacious, modern bathroom with toilet. Up a second set of stairs is the top floor which consists of three double bedrooms and another modern shower room with toilet.",
      "deposit":"Deposit will be confirmed by the letting agent.",
      "availability":"14th August 2021"
    },
    {
      "id": 10,
      "url": "https://i.postimg.cc/Hxvt7mt8/woodendot-s-At-N5q4c-Jl-M-unsplash.jpg",
      "rent": 106,
      "bedroom": 4,
      "bathroom": 2,
      "address": {
        "street": "Holmes",
        "district": "Kentish Town",
        "postcode": "NW5 3AN",
        "city":"Birmingham"
      },
      "type": "House",
      "keyFeatures": [
        "8 bedroom house in Highfield within easy access of the university and the local amenities",
        "Central heating",
        "Double glazing",
        "Parking available",
        "A few minutes walk from University of Southampton Highfield Campus"
      ],
      "home_description": "Superb eight bedroom, three bathroom, student property located in Falmer, walking distance to both Universities, the Amex and multiple transport links to the town centre! The accommodation briefly comprises of an entrance hallway leading to large bright living room which opens into a modern kitchen which includes two large fridge freezers, dish washer, gas hob, two ovens and double patio doors to the rear garden. The ground floor also has a modern shower room with toilet and the first double bedroom. The first floor consists of four good sized double bedrooms and a second spacious, modern bathroom with toilet. Up a second set of stairs is the top floor which consists of three double bedrooms and another modern shower room with toilet.",
      "deposit":"Deposit will be confirmed by the letting agent.",
      "availability":"14th August 2021"
    },
    {
      "id": 11,
      "url": "https://i.postimg.cc/Hxvt7mt8/woodendot-s-At-N5q4c-Jl-M-unsplash.jpg",
      "rent": 106,
      "bedroom": 4,
      "bathroom": 2,
      "address": {
        "street": "Holmes",
        "district": "Kentish Town",
        "postcode": "NW5 3AN",
        "city":"Birmingham"
      },
      "type": "House",
      "keyFeatures": [
        "8 bedroom house in Highfield within easy access of the university and the local amenities",
        "Central heating",
        "Double glazing",
        "Parking available",
        "A few minutes walk from University of Southampton Highfield Campus"
      ],
      "home_description": "Superb eight bedroom, three bathroom, student property located in Falmer, walking distance to both Universities, the Amex and multiple transport links to the town centre! The accommodation briefly comprises of an entrance hallway leading to large bright living room which opens into a modern kitchen which includes two large fridge freezers, dish washer, gas hob, two ovens and double patio doors to the rear garden. The ground floor also has a modern shower room with toilet and the first double bedroom. The first floor consists of four good sized double bedrooms and a second spacious, modern bathroom with toilet. Up a second set of stairs is the top floor which consists of three double bedrooms and another modern shower room with toilet.",
      "deposit":"Deposit will be confirmed by the letting agent.",
      "availability":"14th August 2021"
    },
    {
      "id": 12,
      "url": "https://i.postimg.cc/Hxvt7mt8/woodendot-s-At-N5q4c-Jl-M-unsplash.jpg",
      "rent": 106,
      "bedroom": 4,
      "bathroom": 2,
      "address": {
        "street": "Holmes",
        "district": "Kentish Town",
        "postcode": "NW5 3AN",
        "city":"Newcastle"
      },
      "type": "House",
      "keyFeatures": [
        "8 bedroom house in Highfield within easy access of the university and the local amenities",
        "Central heating",
        "Double glazing",
        "Parking available",
        "A few minutes walk from University of Southampton Highfield Campus"
      ],
      "home_description": "Superb eight bedroom, three bathroom, student property located in Falmer, walking distance to both Universities, the Amex and multiple transport links to the town centre! The accommodation briefly comprises of an entrance hallway leading to large bright living room which opens into a modern kitchen which includes two large fridge freezers, dish washer, gas hob, two ovens and double patio doors to the rear garden. The ground floor also has a modern shower room with toilet and the first double bedroom. The first floor consists of four good sized double bedrooms and a second spacious, modern bathroom with toilet. Up a second set of stairs is the top floor which consists of three double bedrooms and another modern shower room with toilet.",
      "deposit":"Deposit will be confirmed by the letting agent.",
      "availability":"14th August 2021"
    },
    {
      "id": 13,
      "url": "https://i.postimg.cc/Hxvt7mt8/woodendot-s-At-N5q4c-Jl-M-unsplash.jpg",
      "rent": 106,
      "bedroom": 2,
      "bathroom": 2,
      "address": {
        "street": "Holmes",
        "district": "Kentish Town",
        "postcode": "NW5 3AN",
        "city":"Newcastle"
      },
      "type": "House",
      "keyFeatures": [
        "8 bedroom house in Highfield within easy access of the university and the local amenities",
        "Central heating",
        "Double glazing",
        "Parking available",
        "A few minutes walk from University of Southampton Highfield Campus"
      ],
      "home_description": "Superb eight bedroom, three bathroom, student property located in Falmer, walking distance to both Universities, the Amex and multiple transport links to the town centre! The accommodation briefly comprises of an entrance hallway leading to large bright living room which opens into a modern kitchen which includes two large fridge freezers, dish washer, gas hob, two ovens and double patio doors to the rear garden. The ground floor also has a modern shower room with toilet and the first double bedroom. The first floor consists of four good sized double bedrooms and a second spacious, modern bathroom with toilet. Up a second set of stairs is the top floor which consists of three double bedrooms and another modern shower room with toilet.",
      "deposit":"Deposit will be confirmed by the letting agent.",
      "availability":"14th August 2021"
    },
    {
      "id": 14,
      "url": "https://i.postimg.cc/Hxvt7mt8/woodendot-s-At-N5q4c-Jl-M-unsplash.jpg",
      "rent": 106,
      "bedroom": 2,
      "bathroom": 2,
      "address": {
        "street": "Holmes",
        "district": "Kentish Town",
        "postcode": "NW5 3AN",
        "city":"Newcastle"
      },
      "type": "House",
      "keyFeatures": [
        "8 bedroom house in Highfield within easy access of the university and the local amenities",
        "Central heating",
        "Double glazing",
        "Parking available",
        "A few minutes walk from University of Southampton Highfield Campus"
      ],
      "home_description": "Superb eight bedroom, three bathroom, student property located in Falmer, walking distance to both Universities, the Amex and multiple transport links to the town centre! The accommodation briefly comprises of an entrance hallway leading to large bright living room which opens into a modern kitchen which includes two large fridge freezers, dish washer, gas hob, two ovens and double patio doors to the rear garden. The ground floor also has a modern shower room with toilet and the first double bedroom. The first floor consists of four good sized double bedrooms and a second spacious, modern bathroom with toilet. Up a second set of stairs is the top floor which consists of three double bedrooms and another modern shower room with toilet.",
      "deposit":"Deposit will be confirmed by the letting agent.",
      "availability":"14th August 2021"
    },
    {
      "id": 15,
      "url": "https://i.postimg.cc/Hxvt7mt8/woodendot-s-At-N5q4c-Jl-M-unsplash.jpg",
      "rent": 106,
      "bedroom": 4,
      "bathroom": 2,
      "address": {
        "street": "Holmes",
        "district": "Kentish Town",
        "postcode": "NW5 3AN",
        "city":"Newcastle"
      },
      "type": "House",
      "keyFeatures": [
        "8 bedroom house in Highfield within easy access of the university and the local amenities",
        "Central heating",
        "Double glazing",
        "Parking available",
        "A few minutes walk from University of Southampton Highfield Campus"
      ],
      "home_description": "Superb eight bedroom, three bathroom, student property located in Falmer, walking distance to both Universities, the Amex and multiple transport links to the town centre! The accommodation briefly comprises of an entrance hallway leading to large bright living room which opens into a modern kitchen which includes two large fridge freezers, dish washer, gas hob, two ovens and double patio doors to the rear garden. The ground floor also has a modern shower room with toilet and the first double bedroom. The first floor consists of four good sized double bedrooms and a second spacious, modern bathroom with toilet. Up a second set of stairs is the top floor which consists of three double bedrooms and another modern shower room with toilet.",
      "deposit":"Deposit will be confirmed by the letting agent.",
      "availability":"14th August 2021"
    }
  ],
  "cities":[
    {
      "id":1,
      "name":"Liverpool",
      "city_description":"Liverpool is a great location for students, no matter what you’re looking to get out of your time at university. Dubbed the UK’s ‘happiest city for students’, it’s understandable that over 30,000 students choose Brighton to call home every year. The city has a vibe like nowhere else in the UK, which is why 93% of students say they are ‘very happy’ here.",
      "url":"https://i.postimg.cc/Hxvt7mt8/woodendot-s-At-N5q4c-Jl-M-unsplash.jpg"
    },
    {
      "id":2,
      "name":"Birmingham",
      "city_description":"Birmingham is a great location for students, no matter what you’re looking to get out of your time at university. Dubbed the UK’s ‘happiest city for students’, it’s understandable that over 30,000 students choose Brighton to call home every year. The city has a vibe like nowhere else in the UK, which is why 93% of students say they are ‘very happy’ here.",
      "url":"https://i.postimg.cc/Hxvt7mt8/woodendot-s-At-N5q4c-Jl-M-unsplash.jpg"
    },
    {
      "id":3,
      "name":"Newcastle",
      "city_description":"Newcastle is a great location for students, no matter what you’re looking to get out of your time at university. Dubbed the UK’s ‘happiest city for students’, it’s understandable that over 30,000 students choose Brighton to call home every year. The city has a vibe like nowhere else in the UK, which is why 93% of students say they are ‘very happy’ here.",
      "url":"https://i.postimg.cc/Hxvt7mt8/woodendot-s-At-N5q4c-Jl-M-unsplash.jpg"
    }

  ]
}
